{
  "project_info": {
    "project_number": "316498154227",
    "firebase_url": "https://lexicon-b5d1a.firebaseio.com",
    "project_id": "lexicon-b5d1a",
    "storage_bucket": "lexicon-b5d1a.appspot.com"
  },
  "client": [
    {
      "client_info": {
        "mobilesdk_app_id": "1:316498154227:android:3a119a1ee5033d9d",
        "android_client_info": {
          "package_name": "com.myapp.lexicon"
        }
      },
      "oauth_client": [
        {
          "client_id": "316498154227-g2ie2fd9a2r96k4bjbq3d05hdulpur9n.apps.googleusercontent.com",
          "client_type": 3
        }
      ],
      "api_key": [
        {
          "current_key": "AIzaSyCIATq1kmHfhSq0tfd3uxokiJb8RLMCkdU"
        }
      ],
      "services": {
        "analytics_service": {
          "status": 1
        },
        "appinvite_service": {
          "status": 1,
          "other_platform_oauth_client": []
        },
        "ads_service": {
          "status": 2
        }
      },
      "admob_app_id": "ca-app-pub-4071145618173901~5468649072"
    }
  ],
  "configuration_version": "1"
}